Total,Name,Surname,X100m,LJ,SP,HJ,X400m,X110H,DT,PV,JT,X1500m,First.day,Second.day
7324,Aaron,Young,10.94,6.68,12.75,1.84,48.46,14.85,33.91,4.8,47.7,277.41,3813,3511
6611,Abdoljalil,Toomaj,11.39,6.71,12.51,2.02,52.36,15.57,39.16,3.7,57.42,361.78,3690,2921
7059,Achim,Lehner,11.56,6.69,15.21,1.85,53.62,16.18,48.6,3.9,55.3,286.7,3609,3450
6910,Adam,Bjorling,11.24,7,12.36,1.77,50.71,15.43,34.88,3.95,54.03,282.29,3634,3276
7010,Adam,Hromcik,11.23,7.11,12.17,1.84,50.68,15.59,36.6,4.4,46.85,284.98,3712,3298
7214,Adam,Salzmann,11.13,6.25,11.34,1.85,48.59,14.82,37.4,4.7,45.77,262.22,3590,3624
6573,Adam,Thompkins,11.31,6.69,11.4,1.87,49.78,15.41,24.5,4.45,38.86,288.55,3616,2957
6715,Adam,Tompkins,11.12,6.33,12.19,1.9,49.19,15.3,33.11,4.2,34.5,282.86,3677,3038
8064,Adam-Sebastian,Helcelet,11.1,7.26,14.28,2.07,49.09,14.48,41.33,4.82,60.46,280.98,4184,3880
6652,Adrian,Hemery,11.58,6.66,12.89,1.83,54.15,16.08,37.45,4.2,53.17,294.97,3417,3235
7160,Aki,Salminen,11.49,6.29,14.17,1.81,53.41,15.38,42.18,4.85,58.93,290.43,3444,3716
7710,Akihiko,Nakamura,10.81,7.08,11.94,2.03,47.17,14.11,32.61,4.2,50.05,254.09,4120,3590
6582,Alcides,Cordoba,11.26,6.86,10.69,1.92,52.1,16.05,35.92,4.1,45.85,303.86,3563,3019
6820,Alec,Fellows,11.17,6.88,11,1.87,49.74,15.46,32.71,4.2,39.59,272.31,3668,3152
6782,Aleksandr,Dergachov,11.74,6.53,13.68,1.94,53.25,15.72,38.13,4.4,48.03,299.33,3536,3246
7589,Aleksandr,Frolov,11.44,6.97,15.13,2,53.75,15.83,46.48,5,55.96,288.13,3823,3766
7194,Aleksandr,Kopeykin,11.25,7.17,13.68,1.94,52.15,15.6,41.1,4.3,54.93,305.32,3836,3358
7720,Aleksandr,Korzun,10.88,6.71,13.05,2,48.96,14.41,40.85,4.9,55.4,293.67,3970,3750
7789,Aleksandr,Parkhomenko,11.44,6.89,14.65,1.91,50.99,15.59,46.32,4.7,67.48,272.02,3814,3975
8070,Aleksandr,Tabala,11.73,7.02,15.29,2.06,51.87,14.78,47.37,5,64.16,269.65,3920,4150
7001,Aleksandr,Venikov,11.72,6.46,13.39,1.94,51.97,15.82,41.18,4.5,51.7,289.19,3561,3440
6502,Aleksey,Fomichev,11.68,6.3,12.53,1.94,51.61,15.87,36.1,3.8,47.73,300.87,3497,3005
7536,Aleksey,Spirin,11.7,7,14.14,1.97,50.46,15.26,42.46,4.3,60.1,272.17,3832,3704
6694,Aleksi,Tuononen,11.19,6.57,11.91,1.75,50.56,15.71,34.15,3.95,52.33,285.16,3507,3187
6736,Alex,Freshour,11.57,6.52,11.05,1.81,51.27,17.49,32.57,4.8,56.17,271.32,3382,3354
6772,Alex,Harrison,11.63,6.42,13.36,1.72,52.87,15.51,39.28,4.2,61.52,300.06,3340,3432
6902,Alex,Hill,11.19,6.94,12.65,1.88,51.39,15.45,35.83,3.9,52.57,293.62,3712,3190
6631,Alex,Kovalik,11.28,6.7,10.61,1.78,51.21,15.82,33.21,4.1,53.82,288.71,3434,3197
6975,Alex,McCune,11.23,7.18,11.85,1.74,51.15,15.77,34.51,4.65,55.54,295.77,3603,3372
7036,Alexandre,Anty,11.64,6.57,11.96,1.89,50.03,15.07,35.33,4.8,40.22,265.69,3558,3478
7564,Alexandre,Folacci,11.06,6.69,12.12,1.9,49.78,14.99,40.82,4.75,60.73,275.57,3741,3823
7665,Aliaksandr,Korzun,10.9,6.79,13.65,2.04,49.81,14.37,39.94,4.6,57.27,298.08,4017,3648
7725,Anatoliy,Koshar,11.51,6.97,14.35,2.07,50.64,15.1,43.81,4.5,60.94,281.01,3960,3765
7642,Anderson-Estevao,Venancio,11.18,7.08,12.37,1.97,50.04,14.8,42.14,4.8,60.54,294.28,3872,3770
7797,Andre,Niklaus,11.47,6.94,14.02,1.97,51.41,14.7,45.84,4.9,62.3,283.45,3815,3982
6636,Andrea,Casolo,11.32,7.07,9.83,1.96,50.97,16.31,32.93,4.1,39.89,277.36,3633,3003
6596,Andreas,Niedenbruck,11.24,7.14,12.74,1.87,52.49,16.08,28.55,4.2,42.54,295.07,3696,2900
7069,Andrew,Blaser,11.05,6.69,11.56,1.94,50.56,14.16,33.92,4.9,41.13,306.11,3709,3360
6671,Andrew,Cruikshank,11.7,6.23,13.19,1.84,52.42,15.78,43.1,3.74,47.81,278.64,3394,3277
6792,Andrew,Hodges,11.2,7.1,12.46,1.91,50.15,16.21,36.48,4.1,44.86,308.42,3820,2972
6667,Andrew,Powell,11.61,6.7,11.01,1.9,51.45,15.36,36.32,3.7,46.19,273.57,3482,3185
6651,Andrew,Reigstad,11.35,7.16,10.91,1.97,51.27,14.83,31.75,3.85,35.24,289.33,3709,2942
6696,Andy,Dougherty,11.89,6.8,11.04,1.81,50.35,15.14,39.36,3.55,50.12,276.61,3423,3273
6971,Andy,Lillejord,10.95,6.9,11.93,1.86,51.82,15.98,37.39,4.85,45.46,299.83,3676,3295
6820,Anthony,Granillo,11.61,6.4,13.22,1.87,52.08,15.65,38.39,3.85,52.06,272.86,3494,3326
7084,Anton,Fisun,11.46,6.92,12.8,1.91,51.44,15.2,36.75,4.4,45.63,273.49,3683,3401
6687,Antonio,Wood,11.33,6.94,10.51,1.98,50.91,15.77,29.17,4.2,44.54,286.96,3662,3025
6798,Antti,Miihkinen,11.89,6.75,13.08,1.9,54.72,15.89,40.39,4.45,48.97,286.82,3424,3374
7119,Anya,Uzoh,11.17,6.9,12.71,1.96,50.23,15.94,36.4,4.26,49.05,278.92,3834,3285
7073,Arthur,Kleiber,11.51,7.01,11.57,1.91,52.84,15.23,36.9,4.6,52,279.49,3557,3516
8080,Artyom,Lukyanenko,10.97,7.4,14.34,2.03,49.5,14.15,39.83,4.7,62.37,280.63,4195,3885
6770,Artyom,Stelmakh,11.49,6.88,12.38,1.85,51.07,16.09,40.4,4.1,41.81,283.9,3605,3165
7375,Asa,Staven,11.12,6.98,12.5,2.01,49.15,14.68,38.58,4.8,44.26,301.74,3947,3428
7837,Ashley,Bryant,11.02,7.38,13.42,1.82,48.87,14.69,39.7,4.56,69.26,281.47,3965,3872
9039,Ashton,Eaton,10.21,8.23,14.2,2.05,46.7,13.7,42.81,5.3,58.87,254.48,4728,4311
6531,Asier,San-Sebastian,11.44,6.82,9.83,1.87,51.33,16.23,29.37,4.2,46.71,275.85,3452,3079
8003,Attila,Szabo,11.25,7.28,15.22,1.92,49.83,14.87,45.32,4.55,68.87,280.77,4043,3960
7703,Attila,Zsivoczky,11.33,7.12,15.34,2.02,51.71,15.26,43.45,4.2,60.81,272.91,4001,3702
7188,Austin,Bahner,10.99,7.06,11.79,1.86,48.94,16.19,40.93,4.5,48.14,285.71,3828,3360
6567,Austin,Basterrechea,11.89,6.49,11.11,1.95,50.77,16.26,31.78,4,45.19,266.17,3458,3109
7169,Austin,Emry,11.14,7.39,12.21,2.13,51.3,14.75,32.23,4.6,44.85,321.86,4038,3131
6917,Austin,Prince,11.39,6.63,12.27,1.91,51.32,16.28,31.53,4.8,47.87,275.39,3604,3313
6954,Auston,Chen,10.88,7.33,13.93,1.76,50.88,15.47,45.1,4,47.11,339.09,3872,3082
6569,Aymeric,Amann,11.19,6.64,12.12,1.93,52.69,15.88,36.32,4.55,50.08,358.24,3597,2972
7177,Bae,Sang-Hwa,11.28,7.04,12.61,1.95,51.25,14.8,35.54,4.3,55.98,298.71,3781,3396
6549,Bart-van-den,Wijngaard,11.47,6.57,12.19,1.81,50.81,16.56,34.26,3.65,47.37,268.67,3504,3045
8008,Bastien,Auzeil,11.19,7.21,15.65,2.01,50.51,14.81,46.93,5.1,55.96,294.35,4117,3891
6677,Baurzhan,Serikbayev,11.51,6.31,11.51,1.95,51.97,15.78,29.91,5,39.8,288.08,3466,3200
6929,Ben,Marvin,11.52,7.37,12.29,2.05,51.78,15.14,37.89,4,49.61,326.87,3859,3070
6812,Benas,Kentra,11.89,6.5,12.51,1.95,52.88,16.04,40.65,4.2,52.04,282.91,3452,3360
6704,Benjamin,Compaore,10.77,7.87,11.24,1.98,48.69,15.72,21.98,3.42,33.92,284.43,4160,2544
7554,Benjamin,Gregory,11.12,7.4,12.45,1.89,51.2,14.72,37.95,4.9,52.91,278.18,3843,3711
6859,Benjamin,Harmon,11.42,7.02,11.23,1.89,50.75,15.76,34.69,4.5,49.12,297.46,3632,3227
7662,Benjamin,Hazell,11.29,6.9,13.71,1.98,50.81,15.42,46.09,4.4,58.91,267.49,3861,3801
6583,Benjamin,Lindaman,11.55,6.29,12.76,1.78,53.71,15.48,35.42,4.1,56.97,297.31,3307,3276
6994,Benjamin,Waruch,11.14,6.17,13.22,1.96,50.52,15.09,37.02,4.15,47.28,284.65,3693,3301
7897,Bjorn,Barrefors,11.04,7.57,13.49,2.02,50.22,14.46,46.27,5.06,46.29,293.41,4127,3770
6625,Brad,Higgins,11.83,6.61,11.72,1.91,52.62,16.11,36.74,4.4,44.32,284.58,3418,3207
6531,Brady,Wert,11.86,6.21,13.24,1.96,52.97,16.14,33.06,4.05,52.01,293.55,3443,3088
6620,Brandon,Douglass,11.15,6.74,11.3,1.78,50.09,14.38,25.3,4.55,44.29,314.92,3564,3056
6784,Brandon,Zarnoth,11.14,6.86,10.69,1.84,50.41,15.31,31.45,4.3,43.76,279.2,3595,3189
8057,Brent,Newdick,11.02,7.56,14.48,1.95,49.22,14.55,48.25,4.7,56.43,286.21,4173,3884
7519,Brent,Vogel,11.01,6.95,12.23,1.9,49.29,14.78,38.56,4.55,52.88,267.6,3842,3677
6541,Brian,Graham,11.19,6.17,11.23,1.69,49.77,14.89,30.58,4.5,45.01,299.42,3364,3177
6600,Brian,Thill,11.58,6.78,11.87,1.93,52.54,16.44,34.07,4.2,41.29,277.03,3538,3062
6769,Bruno,Bernard,11.44,6.97,11.68,1.85,51.3,16.6,32.72,4.2,49.97,270.95,3585,3184
7149,Bruno,Carton-Delcourt,11.62,6.53,12,1.96,51.39,15.17,39.34,4.5,49.88,266.94,3557,3592
7276,Bryan,Jones,11.08,7.31,13.28,1.91,52.34,15.86,43.53,4.4,50.62,290.91,3848,3428
6635,Caleb,Cox,11.05,6.69,11.95,1.9,51.06,16.31,30.87,4.1,50.93,304.59,3674,2961
6552,Cameron,Crowley,11.07,6.3,14.06,1.86,53.81,16.59,38.88,3.6,49.57,293.8,3555,2997
6705,Carl,McCargo,11.49,6.37,12.83,1.77,53.32,15.4,39,3.9,54.87,283.63,3350,3355
6516,Carter,Nell,11.9,6.17,11.64,1.75,52.59,15.82,37.46,4.5,53.39,295.34,3164,3352
7227,Casey,Stevick,11.27,6.95,14.3,1.94,53.05,15.25,40.79,4.3,56.77,300.42,3778,3449
7638,Cedric,Nolf,11.04,7.18,13.19,1.91,50.08,14.69,39.89,4.86,62.64,306.8,3922,3716
6622,Cesar-Augusto,Lucumi,11.82,6.69,10.65,1.98,53.43,15.45,38.29,4.7,45.85,320.28,3401,3221
7021,Cha,Jeong-Gean,11.13,7.3,11.38,1.77,50.27,15.43,33.06,4.8,50.61,299.93,3691,3330
7027,Cha,Jeong-Keun,11.15,7.47,11.3,1.79,50.55,15.53,32.82,4.9,47.96,300.58,3726,3301
6672,Chandrahas,Kushwaha,11.76,6.24,12.89,1.88,53.02,16.07,39.22,4.1,54.73,290.19,3376,3296
7183,Chase,Dalton,11.29,6.83,12.47,1.9,51.4,15.66,39.2,4.25,60.44,283.2,3671,3512
7022,Chen,Tong,11.27,6.98,11.33,2.02,50.51,15.2,30.99,4,57.06,291,3789,3233
6860,Chen,Weijia,11.11,6.95,11.54,1.97,51.53,15.06,32.65,4.3,44.24,300.43,3738,3122
6875,Chen,Xiangneng,11.63,6.82,11.97,1.84,51.41,15.17,37.37,4.3,50.39,288.78,3513,3362
7744,Chris,Helwick,11.49,6.78,14.25,1.93,51.97,15.3,43.61,4.9,68.37,273.85,3727,4017
6795,Chris,McGovern,11.26,6.52,11.52,1.84,51.69,15.42,35.24,4.7,47.85,298.29,3482,3313
6523,Chris,Ryan,11.36,6.51,12.23,1.87,51.43,16.5,37.3,3.9,37.44,276.5,3539,2984
6526,Christian,Thomas,11.68,6.73,11.16,1.95,51.84,15.7,33.57,4.4,42.43,309.77,3511,3015
6860,Christoph,Lange,11.53,7.03,12.42,1.8,50.48,15.39,35.15,4.4,51.01,304.15,3619,3241
6697,Christopher,Crossley,11.3,6.69,12.16,1.91,52.05,16.33,38.69,4.3,49.16,313.1,3598,3099
7840,Christopher,Randolph,11.41,6.98,14.44,1.93,49.34,15.13,43.34,4.6,64.32,267.61,3920,3920
6628,Christopher,Sanders,11.72,6.93,12.54,1.95,53.99,15.39,36.75,3.4,52,291.49,3541,3087
7475,Clayton,Chaney,11.04,7.15,12.47,1.95,50.34,14.54,39.62,4.3,55.44,285.37,3894,3581
7465,Clement,Buisson,11.54,6.81,12.09,2.02,52.22,15.32,39.72,4.75,59.55,266.39,3662,3803
7030,Connor,Coleman,11.62,6.62,10.97,1.88,51.96,14.63,40,4.25,60.56,290.33,3419,3611
6592,Connor,Smith,11.83,6.37,11.3,1.93,51.05,16.3,41.59,4.55,42,305.94,3424,3168
7705,Corbin,Duer,11.27,6.99,12.73,1.99,50.3,15.06,43.15,4.95,56.82,278.36,3858,3847
7150,Corey,Hammon,10.96,6.69,12.61,1.99,48.52,15.21,30.45,4.26,52.64,292.85,3932,3218
6521,Cory,Biro,11.38,6.54,11.01,1.81,52.17,15.14,31.89,4.3,42.62,289.73,3384,3137
7298,Cory,Holman,10.99,7.42,13.39,2.01,50.2,14.05,31.56,4.45,44.01,310.31,4087,3211
7226,Cory,Kunze,11.13,7.04,12.36,1.9,50.17,15.15,38.18,4.36,50.68,285.72,3804,3422
6752,Courtney,Heinze,11.17,6.4,13.47,1.83,50.01,16.43,45.36,3.4,47.52,289.33,3661,3091
6769,Craig,Thomas,11.65,6.66,12.49,1.93,52.91,15.3,33.46,4.25,45.08,276.64,3516,3253
7764,Curtis,Beach,10.9,7.56,11.41,1.88,46.96,14.59,37.66,4.6,47.88,255.81,4060,3704
7065,Daiki,Chiba,11.11,6.93,11.61,1.8,51.74,14.92,34.98,4.3,52.28,270.7,3579,3486
6553,Daisuke,Igari,11.39,6.52,10.6,1.8,50.37,15.27,29.02,4,47.83,278.09,3425,3128
6916,Daisuke,Ikeda,11.25,6.64,13.54,1.94,55.32,16.11,38.33,4.4,56.97,297.96,3570,3346
7793,Dakotah,Keys,11.16,7.2,12.86,2.06,51.11,14.88,36.92,4.8,63.38,273.84,3969,3824
6516,Dalen,Dirth,11.57,6.26,12.84,1.81,51.16,15.79,31.03,3.9,46.57,275.51,3437,3079
6537,Damian,Benedetich,11.24,6.55,13.49,1.84,52.82,16.52,36.24,3.8,50.47,301.58,3564,2973
8442,Damian,Warner,10.48,7.54,13.73,2.05,48.2,14.38,45.9,4.7,62.77,269.85,4386,4056
8102,Daniel,Awde,10.87,7.47,13.67,1.91,47.14,14.44,42.88,4.7,54.55,263.66,4199,3903
7629,Daniel,Gooris,11.31,6.36,13.76,1.93,50.27,15.11,42.65,5.2,52.69,267.81,3715,3914
6925,Daniel,Johnson,11.64,6.15,11.81,1.98,50.55,15.83,36.67,4.15,55.8,272.07,3511,3414
7530,Daniel,Kinsey,11.49,6.81,13.27,1.9,53.85,15.21,45.97,5.05,62.33,284.56,3568,3962
7592,Danilo,Batista,10.5,7.35,13.12,1.9,49.9,14.8,37.62,4.4,58.99,283.6,4019,3573
6572,Daouda,Amboudi,11.25,6.83,12.36,1.88,54.14,15.86,34.65,4.4,44.99,313.89,3538,3034
7981,Darius,Draudvila,10.98,7.24,15.4,1.91,48.78,14.07,49.03,4.5,53.54,289.84,4145,3836
7264,Darius,Walker,10.92,7.08,12.28,1.95,48.74,14.58,36.6,4,45.56,283.1,3966,3298
7307,Darko,Pesic,11.61,6.91,14.04,2.01,51.71,15.29,46.62,3.9,51.39,278.49,3803,3504
6542,David,Braaten,11.49,6.18,10.67,1.91,51.79,16.48,32.8,4.6,45.66,282.73,3364,3178
6966,David,Feeney,11.18,6.95,12.19,1.8,50.35,14.59,35.67,4,47.87,285.13,3667,3299
7872,David,Gomez,11.08,7.34,13.43,1.97,49.98,14.5,38.25,4.62,60.5,266.66,4024,3848
7832,David,Grzesiak,11.36,6.92,13.4,2.11,49.47,14.78,36.37,4.96,56.35,266.1,4014,3818
7085,David,Guest,11.25,7,11.97,1.98,49.71,14.8,39.84,3.6,45.19,274.7,3838,3247
6889,David,Thomas,11.59,6.93,12.5,1.85,51.77,16.31,37.14,4.9,44.25,288.68,3573,3316
6681,David,Vaillant,11.3,6.9,10.73,1.89,51.3,15.48,30.25,4.05,41.54,269.33,3576,3105
6690,Daya,Ram,11.43,6.57,13.1,1.83,55.46,15.55,38.96,4.4,52.36,306.62,3386,3304
7241,Dean,Showler-Davis,10.89,7.22,11.85,1.92,48.7,15.7,33.7,4,52.71,271.4,3955,3286
7312,Denis,Tishchenko,11.77,6.61,13.18,2,52.34,15.49,39.89,5.1,57.88,292.89,3611,3701
7558,Derek,Masterson,11.27,6.9,13.28,1.9,49.93,15.16,42.81,4.7,57.68,280.53,3807,3751
7739,Derek,Steinbach,11.15,6.97,14.44,1.87,50.93,14.94,41.62,4.76,64.21,277.23,3848,3891
7425,Devin,Dick,11.45,6.72,12.8,2.05,50.75,14.82,39.09,4.76,50.16,279.38,3796,3629
6595,Dillon,Fox,11.29,6.78,9.91,1.87,51.23,15.6,31.38,4.34,44.04,288.96,3485,3110
6515,Dillon,Myers,11.37,6.48,9.49,1.81,50.27,16.11,32.49,3.9,50.02,271.27,3366,3149
8173,Dmitriy,Karpov,11.12,7.14,16.12,2.04,48.86,14.26,51.58,4.77,50.45,285.52,4248,3925
7387,Dmitriy,Zikeyev,11.38,7.32,13.37,2,51.19,15.31,41.93,4.6,52.48,304.77,3923,3464
7046,Dominic,Giovannoni,11.17,6.88,12.03,1.94,50.19,14.69,37.4,4.5,38.36,293.52,3771,3275
7538,Dominik,Alberto,10.76,6.79,13.12,1.95,49.53,14.77,36.25,5,53.25,297.14,3948,3590
7664,Dominik,Distelberger,10.92,7.3,12.39,1.89,48.6,14.91,40.51,4.9,52.63,286.13,3979,3685
6744,Dominik,Siedlaczek,11.38,6.67,12.09,1.82,51.45,15.04,36.01,4.2,41.62,283.71,3519,3225
7649,Edgars,Erins,10.99,6.98,13.45,1.93,50.62,15.22,45.1,4.5,57.35,275.88,3893,3756
7928,Eduard,Mikhan,10.74,6.94,14.75,1.93,48.42,14.15,44.42,4.4,55.69,278.06,4121,3807
7750,Edward,Broadbent,10.87,7.38,13.39,2.18,49.15,14.64,38.07,4.2,46.56,275.82,4313,3437
7443,Edward,Dunford,11.29,6.82,15.21,1.89,50.08,15.3,40.59,4.3,59.01,286.52,3887,3556
8506,Eelco,Sintnicolaas,10.77,7.27,14.2,2,48.02,14.1,42.81,5.36,63.59,266.98,4242,4264
7898,Einar,Larusson,11.23,7.35,13.99,2.04,49.16,14.49,38.74,4.77,56.03,277.12,4130,3768
6723,Emilien,Chave,11.47,6.87,9.41,1.94,51.03,15.57,38.89,4.06,43.17,282,3509,3214
6577,Eric,Bostick,10.94,6.66,10.86,1.75,49.2,15.73,27.25,3.86,49.69,283.61,3582,2995
6632,Eric,Larson,11.44,6.73,11.43,1.9,52.27,15.02,35.34,3.8,40.88,279.48,3514,3118
6871,Estevao,de-Souza-Lima,11.26,7.07,10.87,1.87,52,15.8,40.19,4,47.22,277.06,3584,3287
7076,Ethan,Miller,11.16,6.86,10.95,1.96,50.75,14.95,36.31,4.6,45.46,289.46,3696,3380
7047,Ethan,Wilkins,11.15,6.97,11.83,1.93,49.29,14.55,33.13,3.76,49.41,282.13,3818,3229
7075,Evan,Weinstock,10.92,6.61,12.76,1.84,50.45,15.36,37.24,4,59.27,292.1,3709,3366
6800,Fabian,Mayrhofer,11.47,6.35,11.95,1.9,51.6,15.95,37.6,4.1,54.46,282.54,3482,3318
7619,Fabian,Rosenquist,11.06,7.54,12.66,1.95,49.53,14.74,41.61,4.45,46.86,273.79,4033,3586
7596,Felix,Hepperle,11.07,7.37,12.61,1.97,48.58,15.21,33.69,4.8,51.3,272.44,4048,3548
6703,Felix,Maidhof,11.36,6.72,11.79,1.82,51.34,15.93,35.82,4.4,47.84,297.89,3522,3181
6902,Felix,Siljeback-Larsen,11.32,6.99,12.29,1.85,51.88,15.92,39.02,4.35,51.84,300.54,3626,3276
6975,Fernando,Korniejczuk,11.42,6.88,13.77,1.87,52.75,15.24,40.95,4.3,47.86,299.29,3647,3328
7025,Fernando,Korniejzuk,11.56,6.88,12.31,1.89,52.17,15.18,38.65,4.4,54.5,292.76,3572,3453
6538,Ferry-van,Dipten,11.36,6.69,10.97,1.96,53.07,15.53,32.17,3.73,45.25,281.75,3513,3025
6543,Fidel,Baucero,11.59,6.53,10.32,1.85,50.27,15.87,32.64,3.9,43.8,265.11,3415,3128
7184,Flavien,Antille,11.57,7.13,13.62,1.95,51.86,15.57,37.95,4.5,51.68,288.22,3777,3407
6966,Florent,Gets,11.69,6.59,13.19,1.91,51.2,15.74,37.22,4.05,54.28,273.75,3593,3373
8118,Florian,Geffrouais,11.18,7.04,15.15,1.93,49.43,14.97,47.65,4.9,58.44,257.97,4024,4094
7041,Francis,Baker,11.15,7.2,11.85,1.89,50.75,14.96,33.53,4,48.58,277.35,3771,3270
7655,Franck,Logel,11.3,7.19,13.1,2.01,50.91,14.56,43.08,4.8,50.66,282.45,3913,3742
8098,Gael,Querin,11.17,7.56,13.05,1.97,48.2,14.37,40.32,5,53.6,257.29,4118,3980
7410,Garrett,Scantling,11.34,6.99,13.59,2.07,52.38,14.93,36.89,4.55,58.23,295.08,3876,3534
6532,Garrett,Schumacher,11.1,6.38,11.79,1.84,50.11,16.52,35.82,4.16,43.96,303.06,3573,2959
6599,Georg,Vladimirov,11.48,6.79,10.5,1.92,50.86,15.45,29.64,3.81,47.95,279.98,3543,3056
7121,Gianluca,Simionato,11.32,6.7,13.23,1.87,52.32,15.68,41.76,4.1,62.13,289.12,3613,3508
8065,Gonzalo,Barroilhet,10.99,6.96,14.34,2.06,50.84,14.14,45.22,5.3,54.7,289.18,4051,4014
7954,Gray,Horn,10.93,7.6,13.49,1.96,50.66,14.41,38.34,5,56.31,273.02,4084,3870
7356,Guillaume,Thierry,11.41,7.07,13.67,1.81,52.1,14.89,42.97,4.6,60.62,298.92,3665,3691
7203,Guillermo,Ruggeri,10.94,6.41,12.84,1.88,48.59,14.6,36.9,4.1,53.67,288.28,3785,3418
7892,Gunnar,Nixon,10.93,7.25,13.73,2.05,48.92,14.51,36.48,4.6,56.12,270.41,4177,3715
7692,Guo,Qi,11.33,7.14,13.6,2.03,49.71,14.64,40.99,4.7,53.26,283.57,3999,3693
7729,Hadi,Sepehrzad,10.82,6.94,16.24,1.94,49.82,14.8,49.11,4.4,52.66,309.59,4138,3591
6623,Hamish,Nelson,11.85,6.69,10.86,1.83,51.64,16.93,32.74,4.3,55.36,269.32,3353,3270
8519,Hans,van-Alphen,10.96,7.62,15.23,2.06,49.54,14.55,45.45,4.96,64.15,260.87,4334,4185
7567,Hans-Olav,Uldal,11.39,6.88,14.21,1.86,51.06,14.8,47.38,4.45,58.21,281.11,3747,3820
6702,Hao,Ming,11.68,7.05,11.9,1.88,53.83,16.34,35.26,4.9,48.08,308.18,3484,3218
7418,Harald,Bust,11.4,7.35,12.05,2.08,49.67,15.38,36.85,4.2,51.13,269.76,3989,3429
6637,Harrison,Ivie,11.53,6.17,12.35,1.88,54.31,16.03,39.5,4.3,53.74,295.3,3321,3316
6516,He,Chuan,11.64,6.7,12.55,1.85,53.71,16.14,37.6,3.8,58.55,314.85,3428,3088
6734,He,Yixuan,11.6,6.58,13.33,1.73,52.22,16.03,38.59,4.2,63.31,312.7,3419,3315
7635,Heath,Nickles,11.43,6.68,13.14,2.02,50.01,15.13,38.85,5.16,56.69,277.9,3818,3817
6783,Heimo,Kaspar,11.29,6.88,14.29,1.86,50.91,15.31,38.03,3.55,48.04,308.78,3780,3003
7662,Hendrik,Lepik,11.3,7.58,13.89,2.09,51.97,15.06,35.7,5.05,52.97,293.51,4085,3577
6789,Henry,Vildosola,11.68,6.87,11.82,1.9,51.67,15.97,36.91,4.26,45.74,278.81,3546,3243
6727,Hikmet,Tugsuz,11.38,6.67,12.12,1.76,50.4,15.31,36.83,3.6,52.33,282.31,3517,3210
6813,Hiromasa,Tanaka,11.13,6.61,12.41,1.8,51.46,15.75,37.91,4.7,61.82,355.31,3562,3251
7104,Hu,Yufei,11.37,7.06,12.52,1.97,51.09,15.15,39.9,4.2,48.66,296.3,3787,3317
6925,Hugo,Hassid,11.34,6.77,12.43,1.87,51.96,15.72,38.25,4.35,55.7,301.74,3592,3333
6768,Hunter,Brook,11.72,6.52,12.59,2.04,53.25,15.69,35.89,4.05,49.56,286.07,3562,3206
7165,Ian,Jansen,11.54,7.15,11.92,1.87,51.14,15.83,40.22,4.76,48.14,276.86,3646,3519
6585,Ian,Rock,11.37,6.49,11.02,1.88,50.04,17.44,30.62,4.5,50.38,285.83,3531,3054
7857,Igor,Sarcevic,11.03,7.21,14.55,2.01,50.14,14.38,40.5,5.1,52.6,295.34,4101,3756
6623,Ilya,Kuznetsov,11.33,6.49,10.34,1.95,49.46,15.97,29.72,4,38.62,262.39,3588,3029
8219,Ilya,Shkurenyov,10.98,7.32,13.16,2.06,49.92,14.24,44.82,5.2,56.7,270.41,4110,4109
6684,Imanol,Cardona,11.34,6.56,12.8,1.89,50.08,16.18,35.85,3.8,46.33,288.77,3668,3016
8224,Ingmar,Vos,10.92,7.36,14.14,2.06,49.5,14.35,43.31,4.76,63.89,274.47,4212,4012
6722,Ionut-Bogdan,Feniuc,11.38,6.85,11.71,1.89,51.39,15.99,35.88,4.2,44.35,288.6,3602,3120
7188,Ippei,Nimaida,11.1,6.74,11.43,1.99,49.11,14.56,33.4,4.2,46.46,272.05,3813,3375
8067,Isaac,Murphy,10.47,7.53,13.07,1.87,48.01,14.42,41.71,4.9,52.12,268.44,4192,3875
6673,Isaac,Robison,11.38,6.18,11.36,1.81,49.35,16.47,31.42,4.35,46.59,262.78,3453,3220
7828,Ivan,Grigoryev,10.84,7.12,12.96,1.97,49.52,15.18,41.12,4.7,59.54,269.74,4017,3811
6797,Ivan,Marges,11.57,6.26,12.59,1.97,51.03,16.84,34.72,4.2,53.19,273.69,3568,3229
6588,Ivan,Shoful,11.94,6.86,12.5,1.86,55.21,17.1,39.38,4,52.78,273.08,3350,3238
7439,Ivan-Scolfaro-Caetano-da,Silva,11.41,6.98,13.34,1.92,50.08,14.78,36.08,4.8,55.96,286.13,3810,3629
7366,J.Patrick,Smith,10.84,7.08,11.76,1.95,49.08,15.1,38.94,4.4,48.39,284.48,3938,3428
6825,Jack,Andrew,11.42,5.98,11.92,1.86,51.93,15.42,38.42,4.7,44.6,276.1,3360,3465
6813,Jack,Eckert,11.71,6.27,11.86,1.78,50.55,15.81,32.8,4.46,54.82,264.81,3352,3461
7862,Jack,Szmanda,11.14,6.93,13.81,1.96,50.01,14.99,42.4,5.16,54.44,267.93,3925,3937
6904,Jacob,DeValve,11.05,6.21,15.05,1.71,50.02,15.85,42.08,3.45,59.76,292.56,3641,3263
6680,Jahmal,Germain,11.39,6.28,12.69,1.86,50.24,16.11,37.3,3.9,51.95,295.09,3555,3125
6869,Jake,Wainwright,11.2,7.02,10.65,1.89,49.52,15.03,35.19,4.2,42.68,293.11,3702,3167
7597,Jake,Waruch,11.09,7.05,13.52,2.06,49.69,15.42,42.21,4.45,52.18,282.05,4054,3543
6787,Jake,Wohlford,10.81,6.52,10.9,1.9,49.45,14.24,33.43,3.6,41.59,286.78,3699,3088
6924,Jamal,Currica,10.88,6.75,11.51,1.96,49.28,14.47,29.47,4.36,38.73,297.01,3835,3089
6742,James,Bell,11.77,5.78,11.47,1.93,51.85,15.67,34.6,4.8,52.92,284.31,3282,3460
6886,James,Turner,11.01,6.87,11.93,1.81,51.11,15.85,41.32,3.4,54.97,279.62,3643,3243
8671,James-Edward,Hardee,10.42,7.53,15.28,1.99,48.11,13.54,48.26,4.8,66.65,280.94,4441,4230
7706,Jamie,Adjetey-Nelson,10.86,7.26,15.47,2.02,50.53,14.96,43.19,4.2,57.8,302.6,4199,3507
6854,Jamie,Sandys,11.43,6.7,12.22,1.91,50.96,15.5,32.45,4.3,44.52,274.3,3624,3230
8228,Jan-Felix,Knobel,11.04,7.21,15.89,1.94,48.89,14.61,43.56,4.9,71.38,288.24,4175,4053
7586,Jangy,Addy,10.89,6.9,14.97,1.93,48.64,14.23,45.61,4.2,50.36,308.14,4081,3505
7616,Japheth,Cato,10.83,7.57,12.3,2.03,49.06,14.08,30.82,5,44.51,295.17,4165,3451
7061,Jaroslav,Hedvicak,10.99,6.93,11.9,1.92,50.49,14.86,35.26,4.57,43.22,297.87,3783,3278
7456,Jarrod,Sims,11.15,6.72,12.66,1.95,49,15.12,41.26,4.6,51.55,278.77,3841,3615
6671,Jason,DeWitt,11.62,6.21,12.17,2.02,52.29,15.52,34.27,4.4,45.16,297.36,3511,3160
6878,Javier,Perez,11.51,7.29,12.11,1.86,53.94,14.91,31.44,4.4,52.77,293.63,3567,3311
7630,Jeffrey,Mohl,10.9,7.44,11.47,2.01,48.04,14.78,34.59,4.8,49.4,281.12,4097,3533
6951,Jens-Philipp,Engelmann,11.45,6.67,13.29,1.79,50.42,15.53,44.79,3.8,54.78,296.26,3598,3353
7911,Jeremy,Lelievre,10.83,7.26,14.39,1.87,48.77,15.21,43.03,4.65,58.43,268.07,4086,3825
6589,Jeremy,Marcinko,11.58,6.02,11.41,1.67,52.42,15.69,37.4,4.9,51.41,293.74,3124,3465
6961,Jesson-Ramil,Cid,10.88,7.08,10.96,1.89,48.09,15.19,31.76,3.9,46.71,287.96,3874,3087
6737,Joe,Hutchinson,11.12,6.48,12.9,1.94,49.94,15.04,32.82,4,39.97,300.04,3754,2983
7884,Johannes,Hock,10.98,7.08,15.49,1.85,49.61,15.02,49.42,4.6,61.4,291.54,4021,3863
6898,Johannes,Staude,11.15,6.74,13.59,1.88,50.77,15.65,38.64,4.3,45.21,308.84,3758,3140
7049,John,Brunk,11.03,6.84,9.96,1.92,48.12,16.49,37.72,4.4,47.01,272.19,3747,3302
6720,John,Frank,11.37,6.55,10.95,1.78,51.42,15.77,34.53,4.55,49.09,282.42,3392,3328
7534,John,Lane,10.88,7.02,13.7,1.95,49.22,15.22,37.96,5,48.75,295.94,4025,3509
7399,John-,Lane,10.93,7,13.95,1.92,48.44,14.93,37.71,4.75,45.28,304.21,4034,3365
6921,Joli,Koivu,11.72,6.93,12.36,1.83,53.25,15.35,40.01,4.32,59.28,300.45,3456,3465
6603,Jon,Goble,11.27,5.93,12.06,1.81,51.74,15.65,37.49,4.36,53.83,310.92,3354,3249
7715,Jon-Ryan,Harlan,11.26,6.74,15.48,2.02,50.78,14.43,44.7,4.8,60.73,318.2,3977,3738
7829,Jonas,Fringeli,11.08,6.8,12.69,2.01,48.68,14.45,39.9,4.8,53.39,259.59,3947,3882
7281,Jonathan,Collins,11.3,6.96,13.39,1.88,50.46,15.5,39.8,4.4,54.96,283.59,3780,3501
7543,Jonay,Jordan,11.01,7.13,14.31,1.98,50.38,14.35,40.43,4.2,57.78,304.98,4032,3511
7314,Jordan,Goffena,11.03,6.98,12.26,1.83,49.34,14.49,38.68,4.35,49.98,280.45,3783,3531
6945,Jorge-,Rivera,11.36,7.06,12.5,2.08,51.61,15.4,38.06,4,41.3,297.72,3867,3078
7833,Jose-Angel,Mendieta,10.5,7.01,15.28,1.96,50.88,14.41,41.03,4.4,62.65,287.68,4083,3750
7097,Jose-Gregorio,Lemus,11.44,6.72,15.11,1.89,52.33,15.39,45.64,3.7,63.34,316.83,3724,3373
7207,Jose-Maria,Pena,11.03,6.92,16.9,1.87,52.22,16.84,48.14,3.7,51.6,288.3,3958,3249
6692,Jose-Renato,Torres,11.1,6.94,11.46,1.87,50.08,15.13,32.45,3.7,45.46,296.72,3709,2983
7931,Joseph,Detmer,10.97,7.38,13.18,1.9,49.14,14.92,40.3,4.9,54.39,254.77,4019,3912
6538,Josh,Codding,11.44,6.08,12.09,1.9,51.43,16.14,33.39,4.3,44.92,288.38,3445,3093
6860,Josh,McMillin,11.48,6.7,11.9,1.9,51.8,15.86,36.6,4.65,55.99,313.47,3548,3312
6881,Joshua,Kettlewell,11.26,6.66,11.66,1.94,53.34,15.22,38.26,4.8,37,286.32,3540,3341
7095,Joshua,Weirich,11.29,6.48,11.06,1.96,51.03,15.11,39.29,4.45,51.5,280.31,3574,3521
6504,Juan-Carlos,de-la-Cruz,11.38,6.58,11.66,1.91,52.12,15.88,30.86,4,48.01,296.69,3522,2982
7117,Juhan,Kilumets,11.72,6.9,13.35,1.94,52.24,15.68,40.61,4.25,50.46,270.87,3649,3468
6800,Julien,Jonquois,11.42,6.67,11.51,1.92,52.07,15.22,35.35,4.25,51.71,298.39,3535,3265
7956,Junior,Diaz,11.27,7.74,14.1,1.95,47.59,15.06,44,4.5,57.84,279.04,4217,3739
7072,Justin,Balczak,11.3,6.57,12.91,2.04,50.33,14.54,39.43,3.8,53.21,309.51,3809,3263
6776,Justin,Critser,11.15,6.66,11.55,2.02,51.35,15.82,37.38,3.95,42.09,289.53,3715,3061
7031,Justin,Hickey,11.27,6.31,12.11,1.81,49.66,16.01,37.62,4.6,50.14,266.65,3535,3496
6819,Juuso,Hassi,11.32,6.68,11.59,1.81,51.47,15.31,37.88,4.35,51.77,300.32,3496,3323
6742,Juuso,Koivuniemi,11.05,6.77,12.56,1.76,52.14,15.43,37.89,3.92,55.06,310.46,3562,3180
6676,K.Dileep,Kumar,11.35,6.71,10.69,1.94,51.88,15.18,31.02,3.7,51.65,280.22,3536,3140
6662,KVonte,Scott,11.41,6.4,10.87,1.96,49.57,15.6,30.94,4,45.69,281.16,3586,3076
7309,Kaarel,Joevali,10.85,7.43,12.71,2,50.24,14.89,36.04,4.45,44.83,304.45,4069,3240
8130,Kai,Kazmirek,10.86,7.4,13.42,2.07,47.53,14.94,39.47,5.05,56.52,275.09,4295,3835
7443,Kame,Ali,11.39,7.23,12.86,1.92,50.2,14.85,38.47,4.27,60.93,283.81,3840,3603
6630,Kariym,Irving,11.39,6.92,12.67,1.89,53.86,16.33,44.56,3.6,53.13,317.36,3568,3062
6526,Karl,Van-Schaeybroeck,11.44,6.77,11.28,1.89,50.53,15.35,33.93,3,42.1,267.28,3583,2943
6959,Kazunari,Kobori,10.95,6.88,11.15,1.8,51.67,15.16,33.23,4.7,51.1,293.3,3578,3381
6999,Kazuya,Kawasaki,11.05,6.63,10.83,2.02,49.97,16.19,33.3,4.1,51.38,268.72,3751,3248
6573,Keegan,Cooke,11.55,6.5,11.97,1.93,51.88,16.18,37.93,3.9,50.6,304.23,3514,3059
6679,Keegan,Sharp,11.63,6.55,12.19,1.84,50.63,15.4,33.3,3.95,45.56,273.44,3499,3180
8037,Keisuke,Ushiro,11.29,7.45,13.89,2.03,50.58,15.01,47.25,4.7,66.27,282.63,4060,3977
7401,Kenny,Greaves,11.36,6.5,11.75,1.9,49.68,15.13,38.29,5.1,49.41,261.31,3613,3788
6988,Kenny,Schofield,11.17,7.09,12.71,1.93,50.75,15.95,36.5,3.96,44.15,273.98,3828,3160
6735,Kersee,Lind,11.79,6.82,10.9,1.97,51.13,15.38,31.45,4.4,48.06,292.52,3543,3192
7570,Kevin,Dwyer,11.02,7.32,14.11,2.07,51.57,14.99,35.61,4.8,61.96,323.3,4094,3476
7955,Kevin,Lazas,11.05,7.33,14.09,1.99,51.34,15.12,40.71,5.1,60.09,271.33,4025,3930
8447,Kevin,Mayer,11.19,7.63,13.23,2.09,48.75,14.21,43.13,5.15,61.58,258.04,4227,4220
7030,Kevin,Nielsen,11.57,6.69,10.62,2.03,49.56,15.65,32.9,4.4,46.88,262.74,3668,3362
7242,Kevin,Sempers,11.23,6.38,12.22,2.01,50.49,14.86,37.15,4.42,59.59,294.15,3705,3537
6529,Kil,Ho-Hong,11.56,6.51,9.48,1.85,51.39,15.79,34.51,4.4,47.53,289.9,3316,3213
7769,Kim,Kun-Woo,11.27,7.33,13.27,1.91,49.49,15.27,40.4,5,53.03,262.3,3939,3830
6804,Kiriakos,Pilidis,11.33,7.17,13.51,2,53.33,16.35,40.18,4.2,48.62,332.13,3812,2992
6904,Ko,Jong-Suk,11.47,7.01,11.64,1.89,50.93,15.41,33.56,4.3,55.03,298.91,3637,3267
7067,Kojiro,Tani,11.29,6.43,12.3,1.9,49.2,14.66,35.7,3.8,54.38,275.03,3670,3397
7149,Koki,Someya,11.36,6.73,12.19,1.88,50.49,15.54,36.21,4.7,51.51,275.68,3638,3511
7166,Krisjanis,Eikens,11.55,6.69,12.87,2,51.27,15.16,40.07,3.75,53.86,265.65,3702,3464
7252,Krzysztof,Plaskota,11.18,7.29,14.52,1.95,52.61,15.03,42.73,3.8,55.03,303.21,3920,3332
8062,Kurt,Felix,10.9,7.4,13.08,2.05,48.77,15.01,41.51,4.6,69.36,282.93,4187,3875
7107,Kurt,Reichenbach,11.25,6.69,11.83,1.93,50.5,15.42,34.96,4.56,49.73,275.74,3675,3432
7269,Kurt,Schneider,11.05,7.22,11.64,2.14,51.17,14.87,39.38,4,46.8,293.46,3996,3273
6984,Kurtis,Brondyke,11.38,6.9,12.8,1.96,51.62,15.67,38.23,3.9,52.31,286.4,3731,3253
7031,Kyle,Cranston,11.25,6.55,13.07,1.82,50.32,15.45,36.96,4,60.31,286.29,3631,3400
6531,Kyle,Forrest,11.57,6.31,10.95,1.87,49.92,16.53,34.73,4,41.29,264.6,3441,3090
7205,Kyle,McCarthy,11.95,6.29,14.42,1.91,50.86,15.36,40.95,4.7,55.72,283.49,3563,3642
6843,Kyohei,Kitami,10.99,6.8,12.07,1.9,51.5,15.19,33.31,4,50.26,297.41,3702,3141
8332,Larbi,Bouraada,10.58,7.57,13.64,2.09,47.4,14.78,34.8,4.7,67.68,264.08,4439,3893
7560,Lars,Albert,11.48,7.19,15.73,1.84,52.58,15.26,45.71,4.8,57.68,293.61,3812,3748
7648,Lars-Niklas,Heinke,11.11,7.13,12.49,1.79,49.81,14.84,41.77,5,58.22,277.21,3759,3889
7451,Lars-Vikan,Rise,11.54,7.13,15.09,1.99,51.26,16.11,40.7,4.23,61.17,280.06,3935,3516
7070,Lasse,Ohtamaa,11.44,6.91,13.76,1.86,51.98,15.89,38.36,3.65,62.94,274.7,3676,3394
7440,Lassi,Raunio,11.22,6.64,14.43,1.93,52.39,14.55,47.14,4.45,58.54,307.45,3744,3696
6863,Leandro,Lopez,11.44,6.75,12.99,1.76,50.87,15.92,35.56,3.9,59.64,281.76,3555,3308
6546,Lee,van-den-Berg,11.33,6.47,10.53,1.95,50.71,14.47,28.81,4,40.25,294.93,3538,3008
8523,Leonel,Suarez,11.27,7.52,14.5,2.11,49.04,14.45,45.75,4.7,76.94,270.08,4265,4258
6721,Li,Baishu,11.15,6.97,12.09,1.82,52.04,15.27,33.71,4,46.41,293.19,3613,3108
7097,Li,Dalin,11.36,7.21,10.85,1.94,50.55,15.29,36.85,4.4,49.08,284.28,3721,3376
6903,Li,Mingjie,11.12,7.33,11.07,2.03,51.32,15.74,31.31,3.7,52.92,289.68,3863,3040
7171,Li,Mingyang,11.15,6.98,11.85,1.91,48.86,15.2,36.2,4.3,48.07,281.34,3824,3347
6806,Li,Yagui,11.6,6.94,11.42,1.85,51.26,14.96,39.65,4.1,46.94,296.8,3529,3277
6515,Li,Zhaolei,11.5,6.97,11.64,1.94,53.3,15.68,34.79,3.9,48.93,317.92,3563,2952
6854,Lin,Qingquan,11.54,6.6,13.84,1.84,52.94,15.58,37.14,4.1,61.13,303.83,3528,3326
7485,Liu,Haibo,11.37,7,13.72,1.97,50.51,14.99,42.28,4.3,59.02,288.86,3872,3613
6828,Logan,Henderson,11.38,6.43,11.64,1.77,48.29,15.49,33.6,4.2,44.95,265.82,3542,3286
6583,Logan,Markuson,11.37,6.17,10.5,1.73,49.79,15.65,28.29,4.5,43.92,260.68,3313,3270
6688,Lu,Xiaolong,11.96,6.54,11.61,2.06,53.63,15.44,37.98,4,46.95,286,3463,3225
6931,Luis,Hanssler,11.17,6.72,11.85,1.91,49.83,15.51,35.82,4,47.49,280.07,3713,3218
8276,Luiz-Alberto-,Cardoso-de-Araujo,10.8,7.39,14.93,1.98,48.54,14.12,46.15,4.9,52.11,267.75,4267,4009
7471,Lukas,Tachl,11.41,6.99,14.39,1.92,51.2,16.16,42.58,4.6,60.34,279.93,3825,3646
6531,Luke,Bucholz,11.58,6.67,12.82,1.87,52.61,16.01,37.24,3.74,50.61,304.75,3513,3018
7087,Mac,Griffith,11.6,6.57,11.92,2.02,50.98,15.33,36.46,4.5,51.34,280.46,3639,3448
7548,Maicel,Uibo,11.47,7.44,11.8,2.09,52.27,15.2,39.98,4.55,56.01,271.72,3873,3675
7266,Maksim,Chernyshov,11.4,6.95,13.62,1.94,51.7,16.04,41.36,4.8,53.12,294.2,3768,3498
7459,Maksim,Fayzulin,10.8,7.19,14.54,1.97,48.52,14.76,36.75,4,47.95,289.86,4186,3273
7006,Maksim,Korolyov,11.47,6.69,12.53,1.91,50.07,15.48,41.15,3.7,43.04,257.07,3673,3333
6543,Malte,Bertram,11.43,6.32,12.35,1.8,50.33,16.9,28.71,4.1,48.53,264.82,3478,3065
7161,Manuel,Gonzalez,11.7,7.29,14.4,1.98,52.56,15.65,38.32,3.9,55.27,281.73,3832,3329
6723,Manuel,Retzbach,11.51,6.5,12.58,1.88,52.13,15.81,35.34,4.3,50.18,292.83,3504,3219
6636,Marc,Klaschka,11.56,6.91,11.89,1.92,53.13,17.05,35.24,4.3,51.29,293.14,3539,3097
7012,Marcin,Przybyl,11.68,6.71,13.34,2.03,54,15.23,44.39,4.1,55.15,309.59,3620,3392
7183,Marco,Colombo,11.47,6.91,11.34,1.84,49.3,14.8,35.47,4.8,47.76,275.97,3625,3558
7823,Marcus,Nilsson,11.12,6.91,12.76,2.02,49.69,15.24,42.4,4.8,56.45,258.01,3930,3893
7448,Marek,Lukas,11.3,6.74,13.22,1.87,50.33,14.64,39.2,4.5,66.23,293.25,3715,3733
6931,Mario-Alves,da-Silva-Neto,11.34,7.22,12.88,1.98,51.36,15.84,35.97,3.8,50.67,295.46,3850,3081
7123,Mark,Chenery,11.11,7.18,12.11,1.9,49.91,15.08,38.67,3.9,48.68,285.28,3839,3284
6541,Mark,Horist,11.61,6.6,10.48,1.84,53.27,17.73,41.18,4.64,50.47,291.83,3296,3245
7493,Martin,Brockman,11.18,7.26,14.29,2.04,49.47,15.56,38.37,3.8,57.69,278.36,4122,3371
6655,Martin,Gabriel,11.91,6.6,12.46,2.02,53.47,16.15,36.11,4,51.14,289.16,3507,3148
7384,Martin,Roe,11.02,6.83,14.78,1.88,50.7,16.14,43.69,4.1,64.81,295.27,3885,3499
6515,Masanari,Inoue,11.26,6.51,11.65,1.9,50.64,15.56,34.53,4.1,51.94,345.06,3588,2927
6656,Masato,Iguchi,11.24,6.83,11.2,1.75,48.68,15.2,30.8,4.2,40.85,289.23,3601,3055
7321,Mateusz,Chmielinski,11.37,7.07,12.62,1.97,50.45,15.44,36.85,4.3,55.45,272.69,3824,3497
7684,Mathew,Clark,10.97,6.9,13.06,1.96,50.55,16.07,42.36,4.75,63.91,272.06,3884,3800
7942,Mathias,Brugger,10.99,7.29,13.91,2.03,48.64,14.65,43.51,4.7,49.65,271.67,4178,3764
6700,Matias,Dallaserra,11.4,6.5,12.84,1.85,51.47,16.12,35.81,3.9,43.52,265.89,3546,3154
6700,Matt,Rudin,11.21,7.03,11.52,1.86,53.21,16.88,33.41,4.45,53.29,295.78,3564,3136
6632,Matthew,Evans,11.78,6.59,12.39,2.05,54.23,16.78,37.6,3.75,59.41,298.64,3523,3109
7721,Matthew,Johnson,10.63,7.52,12.69,1.96,50.33,14.6,35.29,4.65,58.91,288.25,4099,3622
7863,Matthias,Prey,11.22,7.66,15.59,1.85,49.89,15.06,47.79,4.2,58.5,275.96,4103,3760
6510,Matthias,Zurcher,11.53,6.73,11.69,1.65,52.5,15.78,32.58,4.3,48.84,281.14,3291,3219
7509,Mattias,Cerlati,11.16,7.18,14.42,1.92,51.66,15.41,45.93,4.65,55.96,304.59,3907,3602
6993,Mattijs,Vandecapelle,11.29,6.92,11.98,1.82,49.84,15.65,35.69,4.35,46.68,273.28,3663,3330
7162,Mauri,Kaattari,11.81,6.75,13.86,1.99,55.33,15.6,41.04,4.75,61.9,301,3544,3618
7056,Max,Hall,11.43,7.13,12.28,1.95,51.5,16.39,37.29,4.3,55.92,286.81,3740,3316
6935,Max,Wannemacher,11.46,6.57,11.66,1.84,49.8,15.15,35.34,4.8,50.84,303.57,3545,3390
7445,Maxime,Maugein,11.26,6.96,12.15,1.9,49.38,15.1,37.83,4.75,48.61,261.06,3781,3664
7720,Maximilian,Gilde,11.32,7.31,13.28,1.91,50.14,14.76,40.53,4.5,66.72,281.2,3894,3826
7416,Michael,Ayers,11.05,7.13,13.35,1.99,50.45,15.65,37.77,4.85,53.13,301.26,3972,3444
7017,Michael,Bucher,10.97,7.27,11.6,1.89,51.4,16.28,35.72,4.6,38.16,269.48,3783,3234
7011,Michael,Marsh,11.36,6.62,13.06,1.95,52.8,15.49,39.71,4.5,52.1,300.8,3626,3385
6550,Michael,McPherson,11.05,6.8,9.21,1.91,49.44,15.52,29.3,3.5,44.81,277.27,3619,2931
7138,Michael,Powers,10.98,6.51,11.9,1.93,48.55,14.94,33.76,4.2,46.6,270.22,3788,3350
6777,Michael,Schober,11.07,6.64,11.51,1.93,49.68,14.86,35.47,3.7,40.85,288.49,3720,3057
6528,Michael,Sweeney,12.14,6.62,11.29,1.95,51.37,16,32.36,4.2,40.24,266.3,3423,3105
7158,Michael,Tibbs,11.27,7.02,12.38,1.87,50.89,14.96,40.09,4.85,55.25,330.47,3709,3449
7364,Michal,Stefek,11.14,6.88,13.07,1.92,48.93,15.68,38.65,4.37,57.06,283.44,3883,3481
8154,Mihail,Dudas,10.81,7.36,13.64,1.97,48.02,14.78,43.55,4.8,59.98,267.54,4193,3961
8055,Mikalai,Shubianok,11.48,7.14,14.97,2.07,50.59,14.58,43.5,4.8,63.65,272.59,4048,4007
7870,Mikhail,Logvinenko,11.06,7.21,14.41,1.97,49.07,14.47,44.63,5,43.78,278.32,4098,3772
7032,Mikk,Meerents,11.24,7.16,10.85,2.06,51.6,15.42,33.7,4.45,50.24,300.13,3798,3234
7712,Miller,Moss,10.85,6.91,14.03,1.87,49.62,14.91,44.76,4.7,53.22,276.84,3935,3777
6638,Moon,Hyung-Jin,11.31,6.73,10.64,1.86,50.7,15.99,34.49,4.2,49.6,298.85,3529,3109
7620,Moritz,Cleve,11.27,6.83,14.04,1.88,49.68,14.63,39.22,4.7,53.49,263.74,3831,3789
7537,Mourad,Souissi,11.2,6.82,14.76,1.83,50.03,14.78,44.38,4.5,54.52,274.67,3777,3760
6567,Myke,Tavarres,11.44,6.52,11.81,2.05,50.83,15.3,33.14,2.74,51.37,287.76,3689,2878
7082,Nardus,Greyling,10.9,7.03,11.8,1.8,48.79,15.34,39.74,3.9,56.26,302.42,3796,3286
6537,Nate,Johnson,11.45,6.25,10.72,1.87,53.09,16.35,33.13,4.3,52.64,278.57,3298,3239
6881,Nathan,Capps,11.49,6.14,12.18,1.94,49.89,16.43,39.32,4.5,49.29,285.03,3558,3323
6530,Nerijus,Rimkevicius,11.81,6.48,11.4,1.74,51.52,15.59,36.19,4.1,49.6,283.36,3275,3255
6709,Nguyen,Van-Hue,11.17,6.8,10.76,1.8,51.48,15.41,38.02,4,54.59,308.04,3496,3213
6512,Nicco,Dalpiaz,11.1,6.78,9.35,1.81,52.28,15.13,26.33,4.6,42.95,290.78,3396,3116
7512,Nicholas,Adcock,11.17,6.95,14.05,2.04,49.32,14.39,34.52,4.3,53.68,285.43,4042,3470
7513,Nicholas,Armstrong,11.25,7.06,14.53,1.97,50.81,14.99,40.5,4.8,49.29,291.28,3949,3564
6884,Nicholas,Gerrard,11.29,6.95,13.91,1.92,52.68,15.48,41.23,3.8,51.51,314.18,3748,3136
6929,Nicholas,Lebron,11.41,6.76,11.96,1.98,50.47,15.13,35.38,4,46.56,283.37,3710,3219
6675,Nicholas,Pfeiffer,11.28,6.66,12.49,1.78,51.3,16.11,36.71,4.04,48.43,288.29,3535,3140
7632,Nicholas-,Huber,11.03,6.88,13.88,1.93,49.62,14.77,41.45,4.5,53.19,271.97,3932,3700
7345,Nicholas-,Trubachik,11.48,6.7,13.6,1.94,51.02,15.56,41.2,4.5,62.2,289.56,3721,3624
7179,Nils,Buker,11.52,6.79,13.53,1.96,51.43,15.89,40.7,4.3,58.93,292.84,3729,3450
6838,Nils,Merten,11.42,6.6,13.24,1.85,52.31,14.91,43.22,4,44.95,299.06,3552,3286
7597,Nils,Pittomvils,11.42,6.65,14,1.96,51.08,15.26,40.06,5.1,57.74,275.76,3761,3836
7100,Nils,Weispfennig,11.52,6.94,11.55,1.92,50.14,15.12,32.16,4.5,49.69,269.33,3665,3435
8034,Norman,Muller,10.9,7.29,14.55,2,49.55,14.94,40.38,5.06,56.9,273.86,4166,3868
6820,Oleg,Kopach,11.4,6.65,11.86,1.95,50.14,15.63,31.59,4.3,43.28,278.86,3670,3150
8321,Oleksiy,Kasyanov,10.57,7.49,14.38,2,48.07,14.23,47.75,4.8,52.37,272.66,4352,3969
7061,Orlando,Bonfim,11.42,6.78,14.14,1.83,52.03,16.51,41.24,4.2,59.33,284.78,3644,3417
6688,Oscar,Gonzalez,12.02,6.81,12.99,1.88,52.86,15.66,38.03,3.9,44.92,273.78,3467,3221
7058,Oscar-Argenis,Campos,11.15,6.8,12.15,1.8,51.42,15.39,40.78,4.4,54.36,292.4,3587,3471
6984,Oskar,Muskwe,11.02,7.04,14.31,1.95,51.24,16.11,41.47,3.2,52.96,294.9,3942,3042
6780,Osman,Muskwe,11.52,6.72,13.66,1.92,50.95,16.01,40.57,3.4,47.84,284.49,3706,3074
7294,Otto,Ylostalo,11.23,7.1,12.95,1.86,51.39,15.14,34.41,4.55,55.65,274.02,3743,3551
7232,Paolo,Mottadelli,11.23,7.22,14.14,1.78,50.52,14.67,40.77,4.4,52.83,313.27,3814,3418
6845,Parker,Petty,11.28,6.54,12.19,1.86,51.21,16.21,29.34,4.44,51.37,266.09,3563,3282
8558,Pascal,Behrenbruch,10.93,7.15,16.89,1.97,48.54,14.16,48.24,5,67.45,274.02,4291,4267
7088,Patrick,Arbour,11.55,6.54,14.26,1.79,52.54,15.38,47.26,4.3,60.97,309.87,3513,3575
6795,Patrick,Euchner,11.48,6.73,14.63,1.72,53.18,16.71,45.72,3.8,62.45,308.28,3508,3287
7146,Patrick,Scherfose,11.36,6.81,13.96,1.85,51.72,14.95,40.23,4.6,44.95,287.58,3684,3462
7708,Patrick,Spinner,11.11,7.22,14.27,1.91,50.57,15.09,39.71,4.4,67.7,282.31,3959,3749
7407,Patrick,Woods,11.07,6.65,14.99,2.05,52.07,14.71,43.87,4.65,43.04,301.61,3938,3469
6714,Pau,Tonnesen,11.72,6.69,11.02,2.11,54.23,15.57,38.7,4.7,39.66,309.4,3531,3183
7153,Paul,Groen,10.94,7.14,12.99,1.81,49.89,14.71,36.79,4,52,294.9,3844,3309
7282,Pavel,Baar,11.18,6.66,13.17,1.93,49.97,15.32,36.59,4.6,55.08,287.81,3789,3493
7620,Pavel,Rudnev,11.1,7.35,12.62,2.03,50.27,15.06,36.83,4.8,48.9,270.06,4013,3607
6536,Pawel,Kubat,11.75,6.52,11.81,1.83,50.59,15.84,38.3,3.4,42.47,264.57,3439,3097
7342,Pawel,Wiesiolek,11.22,7.23,13.02,2.04,50.93,15.39,39.43,4,53.29,281.54,3961,3381
6692,Pedro,Santos,11.45,6.84,12.06,1.87,50.89,15.3,31.17,4.2,44.21,292.4,3610,3082
7197,Pedro-Franco,de-Almeida-de-Lima,11.35,7.01,11.44,1.95,49.82,15.47,39.56,4.6,47.01,283.28,3753,3444
8073,Pelle,Rietveld,10.98,7.19,14.35,1.86,47.78,14.09,41.51,4.97,60.65,277.93,4073,4000
6610,Perttu,Noponen,11.69,6.82,13.66,1.92,54.33,15.3,41.34,3.8,50.26,329.65,3549,3061
7279,Peter,Glass,11.4,6.85,13.43,1.91,51.77,15.07,44.42,4.7,55.62,312.72,3703,3576
6788,Petri,Lemmetyinen,11.65,6.46,13.67,1.75,52.84,15.27,40.19,4.2,52.35,290.25,3390,3398
6680,Petro,Pavlyuk,11.85,6.74,11.57,1.8,51.82,15.59,38.93,3.9,51.82,280.51,3374,3306
7857,Petter,Olson,10.9,7.12,13.6,1.9,48.4,14.49,37.16,4.8,57.13,267.57,4033,3824
7245,Pim,Jehee,11.07,7.04,11.66,1.87,49.73,15.36,37.86,4.4,51.23,275.15,3768,3477
7117,Pyotr,Moskvitin,11.15,7.38,11.52,1.94,50.25,15.59,30.88,4.4,47.4,274.93,3861,3256
7606,Qi,Haifeng,11.31,7.01,13.28,1.97,50.92,15.09,45.8,4.5,60.1,285.99,3842,3764
7554,Quentin,Jammier,11.34,6.58,14.33,1.92,49.33,15.1,42.56,4.5,56.11,271.75,3828,3726
6787,Rafal,Borowik,11.16,6.66,12.47,1.83,51.76,15.39,40.63,4,50.6,308.56,3582,3205
7257,Rafal,Krzeszewski,11.13,7.23,12.99,1.94,51.95,15.24,39.7,4.4,49.69,290.02,3844,3413
7022,Ramo,Kask,11.66,6.66,12.69,1.88,52.9,15.55,40.93,4.45,54.51,281.63,3483,3539
7018,Rasmus,Carlsson,11.56,6.89,13.52,1.87,52.44,16.62,35.69,4.93,57.68,299.42,3620,3398
6630,Raveendran,Raneesh,11.62,6.62,10.91,1.77,49.9,16.11,30.13,4.3,50.47,272.03,3414,3216
6693,Reid,Gustavson,11.54,6.71,13.05,1.84,51.34,16.6,34.7,3.85,53.42,280.31,3575,3118
7169,Reinis,Kregers,11.2,6.83,14.02,2.03,53.74,16.07,42.43,4.55,54.85,312.17,3802,3367
7538,Renato-Atila,Souza-da-Camara,11.4,7.31,14.18,2.05,50.91,14.76,41.57,4.6,45.45,288.74,4024,3514
7534,Rene,Stauss,11.09,6.81,13.99,2.12,51.37,15.59,45.21,4.1,60.76,295.93,4006,3528
7067,Ricardo,Herrada,11.52,6.97,11.64,1.83,50.58,15.32,38.87,4.3,53.67,278.83,3581,3486
6971,Richard,Roethel,11.19,6.46,12.67,1.98,51.39,15.44,35.43,4.1,55.32,293.53,3691,3280
6666,Richard,Sheldon,11.1,6.62,11.8,1.92,52,14.5,31.4,3.85,47.9,292.5,3555,3111
7513,Richard,York,11.01,7.12,12.22,1.96,49.33,15.27,37.49,4.55,56.65,279.02,3933,3580
8322,Rico,Freimuth,10.62,7.16,15.14,1.91,47.51,13.79,47.26,4.86,58.05,280.55,4253,4069
7348,Rifat,Artikov,11.56,6.44,14.74,1.95,50.92,14.75,42.97,4.65,53.68,298.78,3729,3619
6933,Riku,Miyazawa,10.95,6.45,12.06,1.79,49.35,15.05,32.01,4.2,53.41,286.16,3632,3301
7840,Robert,Arnold,10.93,6.36,13.78,1.9,49.96,14.32,44.59,5.15,59.79,281.81,3787,4053
7598,Robert,Haynie,11.61,7.18,12.31,2.11,50.19,14.95,37.13,5.45,53.45,306.76,3924,3674
6608,Robert,Webb,11.34,6.88,10.42,1.98,50.93,14.8,27.74,4.2,37.63,294.12,3639,2969
6608,Robert,Webb,11.17,7.01,10.89,1.93,52.94,15.09,29.69,4.4,41.44,307.93,3602,3006
6574,Robin,Coops,11.25,6.78,10.97,1.9,51.24,15.54,32.82,3.5,45.61,280.18,3584,2990
6665,Romain,Labarchede,11.25,6.8,11.69,1.87,53.2,16.28,36.46,4.35,42.16,283.32,3521,3144
7977,Romain,Martin,10.98,7.22,12.92,2.05,49.12,14.51,37.77,5,61.37,279.9,4099,3878
7152,Roman,Garibay,11.3,6.58,13.6,1.86,51.1,15.46,40.14,4.1,64.52,296.51,3659,3493
8097,Roman,Sebrle,11.38,7.49,15.47,2.01,51.14,14.61,44.78,4.77,66.93,284.86,4105,3992
6929,Roman-Andres,Gastaldi,11.29,6.71,13.7,1.9,51.92,16.03,41.08,4,50.24,291.58,3695,3234
6854,Ronan,Lecoeuche,11.23,7.16,10.68,1.81,49.41,15.81,30.81,4.45,42.95,273.45,3667,3187
7670,Rudy,Bourguignon,11.11,6.69,14.33,1.89,50.57,15.47,45.21,4.9,58.85,279.37,3820,3850
7683,Ryan,Harlan,11.28,6.63,15.79,2.01,52.58,14.58,44.42,4.95,65.59,323.33,3877,3806
7600,Ryota,Tsujii-(Suzuki),11.11,7.14,13.16,1.91,50.82,14.57,39.14,4.6,57.98,277.91,3860,3740
7264,Ryu,Murata,10.99,6.86,12.56,1.94,49.79,15.02,39.46,4.2,56.05,301,3857,3407
6504,Salvador,Gonzalez,11.58,5.98,12.34,1.8,52.23,15.86,38.55,4.2,45.31,286.52,3287,3217
6702,Sam,Bishop,11.33,7.08,12.48,1.9,52.06,16.55,38.08,3.93,44.57,292.6,3694,3008
6693,Sam,Sleap,11.59,6.71,12.31,1.95,51.24,15.67,37.77,4,49.46,313.37,3621,3072
7636,Sami,Itani,11.16,6.96,14.55,2.02,50.5,14.78,39.81,4.25,62.18,287.33,4005,3631
6663,Samuel,Chester,10.94,6.84,11.95,1.82,51.59,14.71,34.55,3.9,36.61,293.12,3640,3023
6831,Samuel,Potter,11.35,6.7,11.01,1.81,50.38,15.09,34.89,4.65,48.8,301.66,3506,3325
6693,Samuel,Smith,11.68,6.31,11.92,1.96,53.83,15.67,38.1,4.05,53.71,287.08,3386,3307
7733,Scott,McLaren,11.18,6.87,14.45,1.88,50.03,15.14,43.43,4.76,60.45,274.63,3869,3864
6614,Sean,Harris,11.5,6.36,12.14,2,54.26,15.41,41.85,4.3,46.13,327.74,3466,3148
7026,Seiji,Hiura,11.04,7.52,10.13,2.02,50.03,15.08,30.25,4.3,50.15,309.89,3920,3106
8365,Sergey,Sviridov,10.88,7.52,15.03,1.94,48.28,14.83,49.01,4.4,68.89,265.15,4265,4100
7197,Sergey,Timshin,11.48,6.97,11.22,2.11,50.1,14.7,38.96,4.4,48.94,306.18,3839,3358
6785,Sergiy,Yarokhovich,11.41,6.97,12.88,1.98,52.11,16.28,34.96,4.4,49.64,317.44,3743,3042
7295,Serhiy,Chemerys,11.65,7.04,14.4,2.04,52.89,15.42,41.93,4.2,54.97,287.45,3823,3472
6587,Shane,Holmes,11.03,6.71,11.39,1.77,50.97,16.63,35.24,4.24,47.09,295.86,3541,3046
6722,Shawn,Boss,11.09,6.46,12.57,1.89,51.6,15.18,35.41,4,37.3,279.24,3617,3105
7143,Shen,Hao,11.18,7.1,12.37,1.91,51.98,14.52,33.76,4.5,51.84,295.96,3737,3406
6985,Shin,Kaneko,11.1,6.94,10.32,1.88,48.33,15.07,26.43,4,53.25,267.09,3731,3254
7056,Sho,Aizawa,11.05,6.64,10.91,1.93,49.74,15.62,36.09,4.4,47.39,272.67,3686,3370
7879,Simon,Hechler,10.89,7.41,13.13,1.91,50.61,14.74,41.99,4.76,61.58,275.2,3983,3896
6783,Simone,Cairoli,11.31,7.32,9.95,1.9,49.87,15.52,29.25,4,49.42,285.49,3702,3081
6924,Sinval-Souza,de-Oliveira,11.47,6.99,12.02,1.92,50.06,15.59,32.54,4,50.61,277.93,3721,3203
6953,Song,Mingyu,11.41,6.91,11.66,1.97,51.37,15.46,36.92,4.4,39.89,275.97,3678,3275
6664,Spencer,Wordell,11.27,6.13,11.35,1.92,50.09,16.46,32.9,4.15,52.6,284.91,3524,3140
7492,Steffen,Fricke,11.61,7,13.49,2.06,49.71,15.08,39.44,4.3,55.3,276.64,3928,3564
7877,Steffen,Kahlert,11.2,7.17,14.48,1.91,50,14.82,42.87,5.2,53.19,275.64,3967,3910
7246,Steffen,Klink,11.23,6.92,13.75,1.88,51.5,15.62,40.98,4.5,51.86,285.1,3761,3485
7844,Stephen,Cain,11.23,6.69,13.9,1.97,50.5,14.8,43.99,4.8,64.1,271.55,3841,4003
6811,Stephen,Soerens,11.3,7.19,12.48,1.98,50.5,16.2,35.07,3.65,44.36,273,3809,3002
6818,Stormy,Smothers,11.45,6.39,11.96,1.83,49.54,15.87,36.1,4.24,43.56,265.14,3529,3289
7110,Sun,Gang,11.72,6.67,13.46,1.94,52.75,15.41,38.04,4.2,62.95,284.89,3579,3531
6875,Sven,Medenbach,11.25,6.27,10.72,1.84,51.18,14.2,36.1,4.3,46.6,277.41,3403,3472
7188,Szymon,Czapiewski,11.36,7.42,13.16,1.98,55.87,15.54,41.83,4.8,52.28,309.45,3723,3465
6846,Tadahiro,Hiramatsu,11.04,7.01,11.61,1.75,50.64,15.65,32.49,4.4,49.93,289.89,3621,3225
6896,Takashi,Takahashi,11.25,6.62,11.94,1.85,50.21,15.42,33.81,4.4,53.43,297,3609,3287
7017,Takayoshi,Shinohara,11.03,7.08,10.27,1.9,50.33,14.86,33.44,4.1,46.53,271.82,3702,3315
6791,Takayuki,Tomoto,10.89,6.74,10.62,1.9,51.93,15.31,34.36,4.3,49.49,303.12,3603,3188
6501,Takehito,Mizutani,11.17,6.7,9.54,1.75,50.57,15.08,29.37,4,51.48,296.02,3398,3103
7222,Takumi,Otobe,10.75,6.96,11.43,1.91,49.27,14.98,34.7,4.5,48.13,288.73,3865,3357
6968,Tandy,Juell,11.15,6.31,12.53,1.85,50.92,16.71,41.14,4.5,58.83,296.41,3564,3404
7090,Tang,Jun,11.16,6.88,11.41,1.91,50.76,14.54,38.91,4.4,50.48,305.12,3684,3406
7644,Tarmo,Riitmuru,11.5,6.8,13.75,1.97,51.51,14.78,42.75,5,54.81,273.5,3755,3889
6807,Taylor,Sanderson,11.37,6.68,11.07,1.96,50.89,15.43,34.88,3.8,48.31,275.08,3610,3197
6656,Ted,Elsenbaumer,11.49,6.43,10.47,1.85,50.52,15.77,33.4,3.95,51.95,271.82,3412,3244
6865,Ted,Glasnow,11.67,6.58,11.88,1.9,51.84,15.92,39.86,4.35,51.26,283.18,3478,3387
7272,Teran,Walford,11.18,6.64,11.84,1.96,49.2,14.73,34.01,4.46,48.94,267.77,3766,3506
7211,Tero,Ojala,11.26,6.54,13.7,1.8,51.95,15.53,41.55,4.65,62.18,296.87,3575,3636
7585,Terry,Prentice,11.17,7.54,13.17,2.05,49.83,14.97,38.39,4.35,50.41,281.52,4118,3467
6755,Theo,Danes,11.98,6.78,13.34,1.9,54.27,15.89,36.71,4,57.86,286.12,3447,3308
6929,Theo,Mancheron,11.63,6.88,11.62,1.9,51.31,16.15,33.96,4.8,50.47,282.81,3562,3367
7508,Thomas,Barrineau,11.3,6.88,12.8,2.04,51.19,15.12,37.14,4.85,55.91,278.67,3836,3672
7547,Thomas,FitzSimons,11.02,6.58,12.12,1.87,48.7,15.2,38.47,4.6,55.77,250.81,3749,3798
6683,Thomas,Lejeune,11.47,6.94,12.11,1.84,50.97,16.22,37.59,4.2,41.58,290.02,3602,3081
6644,Thomas,Mairre,11.52,6.94,11.98,1.98,50.92,15.83,35.94,3.8,41.21,297.05,3710,2934
6952,Thomas,Reynolds,11.28,7.06,12.09,1.86,51.3,14.54,36.83,4.32,45.83,303.91,3674,3278
6980,Thorsten,Bertsch,11.47,6.7,13.06,1.91,51.72,15.24,38.89,3.9,54.1,285.63,3633,3347
6606,Thorsten,Seyb,11.71,6.76,11.09,1.8,51.23,17.12,37.63,4.6,45.89,283.94,3403,3203
7338,Tiago,Marto,11.28,7.03,13.62,1.98,51.87,14.89,40.06,4.4,55.04,297.46,3840,3498
6616,Tim,Armstrong,11.65,6.66,11.44,1.86,51.5,15.28,34.94,4,44.62,283.46,3453,3163
6517,Timothy,Nickas,11.61,6.61,11.48,1.69,50.86,16.96,36.18,4.25,47.73,273.73,3339,3178
6701,Timothy,Reynolds,11.46,6.58,11.1,1.97,54.13,16,36.62,4.5,45.72,285.37,3439,3262
7636,Timothy,Wunderlich,11.4,6.96,14.51,1.87,52.41,15.1,43.51,4.75,68.42,287.75,3732,3904
6810,Tobias,Boese,11.29,6.58,12.53,1.86,50.2,15.48,32.26,4.1,47.99,281.83,3636,3174
7422,Tom,Bechert,11.53,7.06,13.15,1.9,49.88,14.84,41.46,4.8,49.89,286.64,3784,3638
7508,Tomas,Kirielius,11.21,6.82,13.68,2.05,49.96,15.14,41.51,4.26,62.3,300.71,3960,3548
6888,Tomek,Czerwinski,11.22,6.92,12.26,1.9,51.57,15.22,34.83,4.14,45.26,286.06,3687,3201
6672,Toshifumi,Nakajima,11.1,7.03,11.12,1.75,50.74,15.09,29.56,3.8,45.74,275.1,3578,3094
7125,Toshikazu,Ito,11.04,7.04,11.03,1.93,49.69,15.48,33.65,4.6,50.88,291.18,3792,3333
6783,Toshiki,Nakanishi,11.3,6.8,11.96,1.75,51.06,15,28.3,4,53.17,271.88,3517,3266
7062,Trent,Baltzell,11.76,6.33,13.56,2.06,52.1,15.93,43.22,3.95,55.13,279.27,3638,3424
6789,Trent,Perez,11.39,6.28,10.19,1.85,49.45,16.09,31.6,4.6,46.53,259.98,3431,3358
6661,Trevor,Willis,11.79,6.5,12.02,1.93,51.14,16.18,35.27,4.05,47.25,276.98,3501,3160
6633,Tristan,Faure,11.14,6.8,10.64,1.92,50.56,15.43,28.1,3.65,44.91,272.09,3641,2992
6935,Tuure,Hollo,11.7,6.27,11.7,1.92,52.91,15.27,44.34,4.5,55.62,297.89,3361,3574
6538,Ukyo,Sawada,11.18,7.12,10.09,1.85,52.39,14.92,28.74,3.3,52.29,284.43,3532,3006
6873,Urban,Cehovin,11.03,7,11.96,1.88,48.72,16.09,33.8,3.4,49.78,272.93,3843,3030
8059,Vasiliy,Kharlamov,11.38,7.37,15.49,1.94,49.55,14.83,47.45,4.6,65,279.37,4085,3974
7326,Vasyl,Ivanytskyy,11.19,7.56,12.08,2.04,50.48,15,37.47,3.9,53.01,288.63,4013,3313
6510,Vicente,Guardiola,11.44,6.5,11.51,1.9,53.5,15.48,33.94,4,45.78,289.98,3413,3097
6503,Victor,de-Souza-Santos,11.34,7.1,12.43,1.85,51.61,16.49,34.2,3.8,44.88,304.95,3669,2834
7152,Vijay,Kumar,11.69,6.92,13.52,2,52.08,15.6,39.5,4,58.14,282.93,3731,3421
6633,Vitaliy,Kharkivskiy,11.88,6.56,11.92,1.83,51.73,15.47,39,3.8,45.01,270.64,3378,3255
6751,Vitaliy,Nikitin,11.54,7.11,11.27,1.86,51.35,15.97,33.06,4,56.27,290.96,3578,3173
6874,Vitaliy,Pinkevych,11.58,6.74,12.7,1.83,52.21,15.11,37.1,4.6,42.29,283.31,3507,3367
6804,Vladislav,Mesyatsev,11.45,6.84,12.73,1.82,50.79,15.62,32.33,4.3,46.76,282.9,3613,3191
6730,Volodymyr,Derevyanko,11.93,6.74,13.43,1.86,53.18,16.13,39.02,4.2,50.78,288.16,3464,3266
7126,Wade,Nielson,11.1,6.87,11.43,2.03,51.95,15.33,40,4.35,52.42,299.88,3751,3375
6986,Waldo,van-Staden,11.23,6.54,11.86,1.7,49.34,16.4,37.45,4.5,54.65,267.14,3504,3482
6669,Walid,Nsira,11.32,6.68,12.14,1.78,49.39,17.02,34.82,3.7,52.54,272.61,3598,3071
7063,Wang,Jianan,10.88,7.8,8.53,1.94,51.17,16.3,34.57,5,44.99,296.8,3806,3257
7163,Wang,Quanhao,11.47,6.97,10.56,2,48.78,15.3,36.45,4,56.02,276.78,3760,3403
7932,Wesley,Bray,10.94,7.43,13.99,1.87,49.9,14.71,41.75,4.7,61.7,270.88,4026,3906
7212,Weston,Leutz,10.93,6.52,11.89,1.94,51.07,14.43,43.73,4.45,50.66,308.13,3693,3519
6904,Weston,Lott,11.34,6.42,11.57,1.84,51.31,15.96,39.5,4.75,47.7,282.73,3461,3443
8244,Willem,Coertzen,11.18,7.47,13.85,2.04,49.39,14.34,43.47,4.63,66.95,263.75,4150,4094
7378,William,Frullani,11.15,7.15,13.15,1.93,50.51,14.81,43.88,4.4,52.46,306.92,3884,3494
6892,William,Oliver,11.26,6.91,10.99,1.92,51.31,15.16,36.39,4.4,41.76,285.89,3627,3265
6977,William-Alexander,Valor,11.43,6.87,12.17,1.83,53.64,15.64,37.49,4.4,71.48,316.02,3475,3502
6585,Woo,Sae-Yun,11.09,6.71,11.01,1.77,50.27,15.69,29.17,4.3,48.16,298.69,3537,3046
6569,Woo,Sea-Yun,11.24,6.79,10.24,1.79,51.7,16.06,31.43,4.2,51.26,286.39,3429,3140
6503,Wu,Chun-Fu,11.35,6.26,11.2,1.75,50.95,14.84,32.72,4,50.48,299.74,3342,3161
6924,Xiong,Shanhu,11.35,7.09,11.37,1.99,51.25,15.14,32.01,4.4,44.85,292.47,3739,3185
6863,Xu,Qinglei,11.35,6.56,13.29,1.87,51.34,14.77,39.44,4.1,40.89,291.32,3621,3242
6866,Yaroslav,Novitskiy,12.19,7.01,13.85,1.97,56.99,15.91,38.83,4.7,57.38,307.16,3446,3420
6736,Yevgeniy,Chernov,11.26,6.85,12.24,1.94,51.6,15.45,33.6,3.9,45.11,292.58,3694,3042
6536,Yevgeniy,Sadovskiy,11.73,6.44,13.38,1.79,51.02,16.96,37.59,4,49.04,287.28,3466,3070
7861,Yevgeniy,Sarantsev,11.16,6.94,14.91,2,50.25,14.89,44.76,4.5,63.47,281.28,4014,3847
7445,Yevgeniy,Teptin,11.39,7.14,14.96,1.97,50.32,15.21,40.31,4.5,52.58,297.05,3986,3459
6501,Yevhen,Duchinskiy,11.65,7.09,12.21,1.86,51.42,16.2,35.14,3.5,42.65,283.62,3604,2897
6523,Yodai,Hisayama,11.12,6.74,9.23,1.9,49.13,15.01,27.46,3.8,36.92,276.23,3596,2927
8061,Yordani,Garcia,10.94,6.56,14.99,2.06,49.3,14.37,41.96,4.66,65.36,273.1,4080,3981
7315,Yotaro,Higashinaka,11.08,6.72,11.72,1.85,49.17,14.73,35.73,4.6,54.86,276.67,3703,3612
7590,Yu,Bin,11.2,7.2,13.4,1.88,50.53,15.28,44.75,4.6,61.52,292.47,3857,3733
7181,Yuki,Matsushita,11.05,6.96,9.42,1.93,48.54,14.65,30.7,4.4,49.84,266.7,3728,3453
6825,Yuko,Ishii,10.84,6.49,10.07,1.65,48.5,14.89,31.71,4.3,46.54,268.78,3471,3354
7212,Yuta,Notoya,10.97,6.87,10.09,1.8,48.14,14.06,33.62,4.8,49.15,290.74,3670,3542
6901,Yuto,Ishii,10.98,6.5,9.89,1.75,48.34,14.9,31.66,4.4,45.98,267.23,3519,3382
6740,Zach,Anderson,11.48,6.22,10.67,1.84,49.92,15.38,35.84,4.4,45.87,276.99,3397,3343
7042,Zach,Ziemek,11.03,6.9,12.35,1.99,52.26,15.48,29.15,4.96,55.83,319.93,3779,3263
6626,Zakaria,Malik,11.15,6.9,11.87,1.86,50.52,14.98,30.19,3.9,49.38,319.8,3686,2940
7432,Zavion,Kotze,11,7.42,10.93,2.1,48,15.2,38.79,4.2,40.64,273.71,4123,3309
6565,Zhang,Quanbiao,11.72,6.81,12.97,1.73,52.35,15.44,35.07,3.5,62.72,306.4,3419,3146
7103,Zhang,Xiuyu,11.26,7.03,12.81,1.88,50.25,15.15,36.89,4.2,45.71,278.21,3780,3323
7033,Zhang,Yu,11.16,7.02,11.56,2.03,52.28,15.48,38.36,4.2,52.61,302.91,3767,3266
7225,Zhu,Hengjun,11.06,6.98,13.12,1.88,50.71,14.91,38.23,4.4,52.8,298.93,3809,3416
